{"0": [[0.0, 0.0859236], [0.0, 0.112636], [0.0, 0.115216], [0.0, 0.128993], [0.0, 0.129635], [0.0, 0.130596], [0.0, 0.133396], [0.0, 0.133967], [0.0, 0.150963], [0.0, 0.151404], [0.0, 0.153997], [0.0, 0.161069], [0.0, 0.161087], [0.0, 0.16348], [0.0, 0.165751], [0.0, 0.167506], [0.0, 0.168679], [0.0, 0.170988], [0.0, 0.173604], [0.0, 0.175497], [0.0, 0.178878], [0.0, 0.180021], [0.0, 0.182151], [0.0, 0.183777], [0.0, 0.187641], [0.0, 0.188855], [0.0, 0.192428], [0.0, 0.195739], [0.0, 0.200002], [0.0, 0.200094], [0.0, 0.20054], [0.0, 0.201083], [0.0, 0.209544], [0.0, 0.210866], [0.0, 0.211644], [0.0, 0.21261], [0.0, 0.216116], [0.0, 0.226348], [0.0, 0.22657], [0.0, 0.2303], [0.0, 0.230554], [0.0, 0.23219], [0.0, 0.233978], [0.0, 0.23607], [0.0, 0.236107], [0.0, 0.239509], [0.0, 0.242398], [0.0, 0.243136], [0.0, 0.251297], [0.0, 0.252147], [0.0, 0.254266], [0.0, 0.254376], [0.0, 0.255125], [0.0, 0.256358], [0.0, 0.257364], [0.0, 0.258975], [0.0, 0.261805], [0.0, 0.263541], [0.0, 0.265533], [0.0, 0.266901], [0.0, 0.268681], [0.0, 0.270439], [0.0, 0.270686], [0.0, 0.276111], [0.0, 0.276295], [0.0, 0.285923], [0.0, 0.286245], [0.0, 0.288886], [0.0, 0.289948], [0.0, 0.29699], [0.0, 0.29872], [0.0, 0.300696], [0.0, 0.301918], [0.0, 0.301947], [0.0, 0.30222], [0.0, 0.309228], [0.0, 0.309941], [0.0, 0.310852], [0.0, 0.312463], [0.0, 0.313773], [0.0, 0.313848], [0.0, 0.316013], [0.0, 0.325616], [0.0, 0.32684], [0.0, 0.329635], [0.0, 0.334431], [0.0, 0.338268], [0.0, 0.340694], [0.0, 0.341675], [0.0, 0.342935], [0.0, 0.345438], [0.0, 0.359394], [0.0, 0.364516], [0.0, 0.379279], [0.0, 0.381225], [0.0, 0.393186], [0.0, 0.533179], [0.0, 0.792768], [0.0, -1.0]], "1": [[1.56487, 1.57034], [1.56458, 1.59478], [1.48734, 1.67454], [1.26382, 1.27061], [1.08671, 1.7958], [0.378434, 0.388253]]}