{"0": [[0.0, 0.0667514], [0.0, 0.0723408], [0.0, 0.072486], [0.0, 0.0735357], [0.0, 0.0837378], [0.0, 0.100185], [0.0, 0.121155], [0.0, 0.138342], [0.0, 0.138528], [0.0, 0.145252], [0.0, 0.150612], [0.0, 0.152806], [0.0, 0.152946], [0.0, 0.153294], [0.0, 0.160161], [0.0, 0.162642], [0.0, 0.171434], [0.0, 0.173634], [0.0, 0.176001], [0.0, 0.180294], [0.0, 0.181755], [0.0, 0.1862], [0.0, 0.191436], [0.0, 0.192255], [0.0, 0.192267], [0.0, 0.193404], [0.0, 0.194925], [0.0, 0.198071], [0.0, 0.204508], [0.0, 0.205978], [0.0, 0.207643], [0.0, 0.211098], [0.0, 0.213989], [0.0, 0.215442], [0.0, 0.216512], [0.0, 0.217911], [0.0, 0.222988], [0.0, 0.226417], [0.0, 0.226916], [0.0, 0.227707], [0.0, 0.229287], [0.0, 0.230667], [0.0, 0.231283], [0.0, 0.233233], [0.0, 0.233423], [0.0, 0.239451], [0.0, 0.242082], [0.0, 0.242199], [0.0, 0.242592], [0.0, 0.245744], [0.0, 0.246851], [0.0, 0.247777], [0.0, 0.24853], [0.0, 0.250603], [0.0, 0.251152], [0.0, 0.255607], [0.0, 0.260764], [0.0, 0.261039], [0.0, 0.264689], [0.0, 0.265], [0.0, 0.265004], [0.0, 0.265631], [0.0, 0.279966], [0.0, 0.283441], [0.0, 0.285382], [0.0, 0.288113], [0.0, 0.288655], [0.0, 0.289519], [0.0, 0.290153], [0.0, 0.290978], [0.0, 0.290994], [0.0, 0.291499], [0.0, 0.291968], [0.0, 0.294049], [0.0, 0.296996], [0.0, 0.300716], [0.0, 0.302222], [0.0, 0.303007], [0.0, 0.314294], [0.0, 0.315823], [0.0, 0.328683], [0.0, 0.340371], [0.0, 0.340618], [0.0, 0.34198], [0.0, 0.3434], [0.0, 0.345094], [0.0, 0.346966], [0.0, 0.347919], [0.0, 0.353053], [0.0, 0.356644], [0.0, 0.367303], [0.0, 0.369518], [0.0, 0.371261], [0.0, 0.374403], [0.0, 0.379116], [0.0, 0.379226], [0.0, 0.448897], [0.0, 0.639604], [0.0, -1.0]], "1": [[1.54137, 1.65893], [1.13266, 1.75912], [0.466629, 0.479175]]}