{"0": [[0.0, 0.0679411], [0.0, 0.0807601], [0.0, 0.0852739], [0.0, 0.110156], [0.0, 0.122743], [0.0, 0.131216], [0.0, 0.133543], [0.0, 0.139955], [0.0, 0.149895], [0.0, 0.154288], [0.0, 0.158642], [0.0, 0.160656], [0.0, 0.161332], [0.0, 0.165649], [0.0, 0.166717], [0.0, 0.167061], [0.0, 0.169507], [0.0, 0.171901], [0.0, 0.173214], [0.0, 0.176868], [0.0, 0.189486], [0.0, 0.193632], [0.0, 0.193937], [0.0, 0.194675], [0.0, 0.195617], [0.0, 0.19611], [0.0, 0.199692], [0.0, 0.204611], [0.0, 0.205051], [0.0, 0.207872], [0.0, 0.209808], [0.0, 0.21094], [0.0, 0.211191], [0.0, 0.213324], [0.0, 0.214292], [0.0, 0.214491], [0.0, 0.214713], [0.0, 0.215914], [0.0, 0.219051], [0.0, 0.220419], [0.0, 0.22986], [0.0, 0.230605], [0.0, 0.242581], [0.0, 0.244541], [0.0, 0.245345], [0.0, 0.24557], [0.0, 0.248302], [0.0, 0.249048], [0.0, 0.250012], [0.0, 0.25243], [0.0, 0.258591], [0.0, 0.259196], [0.0, 0.2628], [0.0, 0.264511], [0.0, 0.270013], [0.0, 0.273476], [0.0, 0.274089], [0.0, 0.278245], [0.0, 0.280303], [0.0, 0.28079], [0.0, 0.283711], [0.0, 0.285443], [0.0, 0.285541], [0.0, 0.286649], [0.0, 0.288178], [0.0, 0.289789], [0.0, 0.296632], [0.0, 0.303348], [0.0, 0.303557], [0.0, 0.303643], [0.0, 0.304393], [0.0, 0.304832], [0.0, 0.306054], [0.0, 0.306964], [0.0, 0.311734], [0.0, 0.313138], [0.0, 0.321125], [0.0, 0.326928], [0.0, 0.327595], [0.0, 0.328608], [0.0, 0.329804], [0.0, 0.33745], [0.0, 0.337526], [0.0, 0.337579], [0.0, 0.341077], [0.0, 0.341568], [0.0, 0.355007], [0.0, 0.360595], [0.0, 0.371951], [0.0, 0.376453], [0.0, 0.388048], [0.0, 0.39721], [0.0, 0.400101], [0.0, 0.405951], [0.0, 0.414304], [0.0, 0.43753], [0.0, 0.479062], [0.0, 0.584821], [0.0, -1.0]], "1": [[1.46464, 1.52331], [1.4456, 1.44624], [1.41686, 1.4544], [1.41025, 1.51559], [0.996961, 1.56006]]}