{"0": [[0.0, 0.0517571], [0.0, 0.0624325], [0.0, 0.0726042], [0.0, 0.0880242], [0.0, 0.0941239], [0.0, 0.102577], [0.0, 0.106478], [0.0, 0.107732], [0.0, 0.108695], [0.0, 0.121763], [0.0, 0.124286], [0.0, 0.133052], [0.0, 0.135355], [0.0, 0.136229], [0.0, 0.14501], [0.0, 0.146396], [0.0, 0.146832], [0.0, 0.14799], [0.0, 0.148359], [0.0, 0.150464], [0.0, 0.151178], [0.0, 0.151264], [0.0, 0.152349], [0.0, 0.163701], [0.0, 0.167085], [0.0, 0.170805], [0.0, 0.173576], [0.0, 0.186894], [0.0, 0.246696], [0.0, 0.276881], [0.0, 0.284755], [0.0, 0.410204], [0.0, 0.615583], [0.0, -1.0]], "1": [[0.187972, 0.202923], [0.186078, 0.192457], [0.180654, 0.191004], [0.173366, 0.182235], [0.16368, 0.168547], [0.161987, 0.172729], [0.15031, 0.150574], [0.150089, 0.160759], [0.13921, 0.156387], [0.133657, 0.151532]]}