{"0": [[0.0, 0.0632921], [0.0, 0.0677371], [0.0, 0.0719731], [0.0, 0.0759991], [0.0, 0.0827135], [0.0, 0.0866887], [0.0, 0.0875476], [0.0, 0.0877448], [0.0, 0.0911751], [0.0, 0.0948866], [0.0, 0.0950765], [0.0, 0.0983128], [0.0, 0.101397], [0.0, 0.11384], [0.0, 0.114787], [0.0, 0.114889], [0.0, 0.115791], [0.0, 0.116617], [0.0, 0.118805], [0.0, 0.13117], [0.0, 0.135644], [0.0, 0.137003], [0.0, 0.146261], [0.0, 0.149669], [0.0, 0.152464], [0.0, 0.169336], [0.0, 0.173496], [0.0, 0.183708], [0.0, 0.250139], [0.0, 0.256902], [0.0, 0.284564], [0.0, 0.302835], [0.0, 0.33244], [0.0, -1.0]], "1": [[0.359125, 0.423485], [0.357198, 0.401043], [0.176498, 0.197478], [0.164683, 0.167599], [0.145115, 0.149869]]}