{"0": [[0.0, 0.0791518], [0.0, 0.0792975], [0.0, 0.103836], [0.0, 0.109501], [0.0, 0.11433], [0.0, 0.12995], [0.0, 0.138204], [0.0, 0.138592], [0.0, 0.142409], [0.0, 0.147369], [0.0, 0.150924], [0.0, 0.154127], [0.0, 0.156254], [0.0, 0.15984], [0.0, 0.167451], [0.0, 0.170182], [0.0, 0.172026], [0.0, 0.186926], [0.0, 0.201027], [0.0, 0.208271], [0.0, 0.209231], [0.0, 0.209711], [0.0, 0.210805], [0.0, 0.214029], [0.0, 0.214251], [0.0, 0.218009], [0.0, 0.259165], [0.0, 0.279773], [0.0, 0.280043], [0.0, 0.324308], [0.0, 0.341666], [0.0, 0.519433], [0.0, 0.82804], [0.0, -1.0]], "1": [[0.381225, 0.426736], [0.346664, 0.359234], [0.271516, 0.284677], [0.258431, 0.288876], [0.24033, 0.249727], [0.188787, 0.193916]]}